#Genome A	Genes in A	Genome B	Genes in B	# orthologous genes	Mean AAI	Std AAI	Orthologous fraction (OF)
A5	2111	AS-4_5	3016	923	79.43	12.88	43.72
A5	2111	AR-5	3860	865	86.03	12.25	40.98
A5	2111	GM-3_4	4087	1003	85.36	11.34	47.51
A5	2111	KV	2513	831	69.73	12.10	39.37
A5	2111	AU-1_5	3180	1053	79.94	12.28	49.88
A5	2111	US4	3035	1079	88.86	10.59	51.11
A5	2111	AW-5	3103	999	79.99	12.44	47.32
A5	2111	MCF	3736	1126	87.31	11.28	53.34
A5	2111	ATG-1	3593	741	81.12	12.46	35.10
A5	2111	Desulfobulbus_elongatus	3440	661	63.91	11.81	31.31
A5	2111	MAR-mqMAG	3593	1098	87.40	11.27	52.01
A5	2111	MAR-scMAG	3501	1116	86.79	11.06	52.87
A5	2111	TB	2264	769	79.93	12.16	36.43
A5	2111	AR-3	3405	646	71.60	13.74	30.60
A5	2111	US1	1533	481	88.73	10.92	31.38
A5	2111	AX-1_4	3149	1046	79.76	12.59	49.55
A5	2111	AX-5	3977	996	86.59	11.88	47.18
A5	2111	MAR-hqMAG	2909	909	80.50	12.11	43.06
A5	2111	Desulfovibrio_vulgaris	3140	318	51.74	8.88	15.06
A5	2111	Desulfobulbus_alkaliphilus	3683	708	62.71	12.29	33.54
A5	2111	AUS-4	3094	581	80.30	12.39	27.52
A5	2111	Desulfococcus_multivorans	3860	420	53.81	9.63	19.90
A5	2111	LOE-1_4_5	3042	870	79.80	12.42	41.21
A5	2111	EH-2	3401	633	79.48	13.77	29.99
A5	2111	MAN-1_4	3364	798	80.55	12.45	37.80
A5	2111	AW-2	3183	962	79.65	12.71	45.57
F5	1734	AW-1	3152	958	69.15	11.95	55.25
F5	1734	ENR-cMAG	2936	1259	93.90	8.95	72.61
F5	1734	GS	2626	1248	93.97	8.91	71.97
F5	1734	BRK-cMAG	2843	1123	76.32	11.19	64.76
F5	1734	AUS-1_2	3516	549	69.65	13.14	31.66
F5	1734	Desulfobulbus_oligotrophicus	2794	680	63.12	11.34	39.22
F5	1734	AW-3_4	3192	967	68.98	11.98	55.77
F5	1734	A5	2111	572	70.62	11.90	32.99
F5	1734	AS-4_5	3016	867	68.95	12.15	50.00
F5	1734	AR-5	3860	680	69.38	12.30	39.22
F5	1734	GM-3_4	4087	869	69.44	12.04	50.12
F5	1734	KV	2513	1107	76.23	11.46	63.84
F5	1734	AU-1_5	3180	1000	68.92	12.12	57.67
F5	1734	US4	3035	843	69.45	12.16	48.62
F5	1734	AW-5	3103	941	69.15	12.12	54.27
F5	1734	MCF	3736	991	69.73	11.95	57.15
F5	1734	ATG-1	3593	571	69.73	12.67	32.93
F5	1734	Desulfobulbus_elongatus	3440	719	64.07	11.62	41.46
F5	1734	MAR-mqMAG	3593	1002	69.78	11.94	57.79
F5	1734	MAR-scMAG	3501	965	69.42	11.85	55.65
F5	1734	TB	2264	736	68.41	12.17	42.45
F5	1734	AR-3	3405	604	70.72	12.20	34.83
F5	1734	US1	1533	420	69.11	12.55	27.40
F5	1734	AX-1_4	3149	975	69.01	12.05	56.23
F5	1734	AX-5	3977	817	69.94	12.19	47.12
F5	1734	MAR-hqMAG	2909	898	69.13	12.06	51.79
F5	1734	Desulfovibrio_vulgaris	3140	359	52.53	8.71	20.70
F5	1734	Desulfobulbus_alkaliphilus	3683	740	62.98	11.70	42.68
F5	1734	AUS-4	3094	470	69.01	12.97	27.10
F5	1734	Desulfococcus_multivorans	3860	450	53.25	9.27	25.95
F5	1734	LOE-1_4_5	3042	814	69.22	12.07	46.94
F5	1734	EH-2	3401	535	69.67	12.58	30.85
F5	1734	MAN-1_4	3364	750	69.66	12.04	43.25
F5	1734	AW-2	3183	881	68.97	12.22	50.81
AUS-1_2	3516	Desulfobulbus_oligotrophicus	2794	472	63.33	12.26	16.89
AUS-1_2	3516	AW-3_4	3192	941	77.59	13.18	29.48
AUS-1_2	3516	A5	2111	621	78.34	14.01	29.42
AUS-1_2	3516	AS-4_5	3016	898	77.50	13.37	29.77
AUS-1_2	3516	AR-5	3860	922	77.65	13.52	26.22
AUS-1_2	3516	GM-3_4	4087	912	78.30	12.94	25.94
AUS-1_2	3516	KV	2513	773	68.92	13.44	30.76
AUS-1_2	3516	AU-1_5	3180	957	77.98	12.70	30.09
AUS-1_2	3516	US4	3035	842	78.98	12.70	27.74
AUS-1_2	3516	AW-5	3103	930	77.45	13.06	29.97
AUS-1_2	3516	MCF	3736	979	79.57	12.08	27.84
AUS-1_2	3516	ATG-1	3593	825	77.13	14.04	23.46
AUS-1_2	3516	Desulfobulbus_elongatus	3440	506	63.90	12.51	14.71
AUS-1_2	3516	MAR-mqMAG	3593	939	79.21	12.70	26.71
AUS-1_2	3516	MAR-scMAG	3501	931	79.13	12.27	26.59
AUS-1_2	3516	TB	2264	663	77.16	13.29	29.28
AUS-1_2	3516	AR-3	3405	667	70.30	14.44	19.59
AUS-1_2	3516	US1	1533	454	78.99	13.44	29.62
AUS-1_2	3516	AX-1_4	3149	948	77.68	13.06	30.10
AUS-1_2	3516	AX-5	3977	1010	78.64	12.79	28.73
AUS-1_2	3516	MAR-hqMAG	2909	835	77.85	13.04	28.70
AUS-1_2	3516	Desulfovibrio_vulgaris	3140	266	51.49	9.17	8.47
AUS-1_2	3516	Desulfobulbus_alkaliphilus	3683	534	62.99	12.54	15.19
AUS-1_2	3516	AUS-4	3094	824	81.44	14.85	26.63
AUS-1_2	3516	Desulfococcus_multivorans	3860	343	53.48	9.65	9.76
AUS-1_2	3516	LOE-1_4_5	3042	900	77.64	13.32	29.59
AUS-1_2	3516	EH-2	3401	863	78.34	14.56	25.37
AUS-1_2	3516	MAN-1_4	3364	941	77.18	14.15	27.97
AUS-1_2	3516	AW-2	3183	938	77.44	13.30	29.47
Desulfobulbus_oligotrophicus	2794	AW-3_4	3192	1010	62.23	11.63	36.15
Desulfobulbus_oligotrophicus	2794	A5	2111	634	62.69	11.82	30.03
Desulfobulbus_oligotrophicus	2794	AS-4_5	3016	896	62.56	11.69	32.07
Desulfobulbus_oligotrophicus	2794	AR-5	3860	675	62.55	11.85	24.16
Desulfobulbus_oligotrophicus	2794	GM-3_4	4087	862	62.40	11.86	30.85
Desulfobulbus_oligotrophicus	2794	KV	2513	961	62.51	11.47	38.24
Desulfobulbus_oligotrophicus	2794	AU-1_5	3180	1040	62.32	11.57	37.22
Desulfobulbus_oligotrophicus	2794	US4	3035	917	62.27	11.63	32.82
Desulfobulbus_oligotrophicus	2794	AW-5	3103	981	62.28	11.66	35.11
Desulfobulbus_oligotrophicus	2794	MCF	3736	1001	62.44	11.82	35.83
Desulfobulbus_oligotrophicus	2794	ATG-1	3593	560	63.08	12.04	20.04
Desulfobulbus_oligotrophicus	2794	Desulfobulbus_elongatus	3440	1939	74.39	11.71	69.40
Desulfobulbus_oligotrophicus	2794	MAR-mqMAG	3593	1019	62.60	11.57	36.47
Desulfobulbus_oligotrophicus	2794	MAR-scMAG	3501	1003	62.17	11.60	35.90
Desulfobulbus_oligotrophicus	2794	TB	2264	741	62.31	11.80	32.73
Desulfobulbus_oligotrophicus	2794	AR-3	3405	570	62.71	11.52	20.40
Desulfobulbus_oligotrophicus	2794	US1	1533	433	63.31	11.62	28.25
Desulfobulbus_oligotrophicus	2794	AX-1_4	3149	1015	62.39	11.59	36.33
Desulfobulbus_oligotrophicus	2794	AX-5	3977	804	62.53	11.80	28.78
Desulfobulbus_oligotrophicus	2794	MAR-hqMAG	2909	923	62.45	11.76	33.04
Desulfobulbus_oligotrophicus	2794	Desulfovibrio_vulgaris	3140	701	51.79	8.77	25.09
Desulfobulbus_oligotrophicus	2794	Desulfobulbus_alkaliphilus	3683	1711	69.53	12.11	61.24
Desulfobulbus_oligotrophicus	2794	AUS-4	3094	442	62.44	12.63	15.82
Desulfobulbus_oligotrophicus	2794	Desulfococcus_multivorans	3860	885	54.34	10.54	31.68
Desulfobulbus_oligotrophicus	2794	LOE-1_4_5	3042	831	62.41	11.60	29.74
Desulfobulbus_oligotrophicus	2794	EH-2	3401	473	64.14	12.04	16.93
Desulfobulbus_oligotrophicus	2794	MAN-1_4	3364	730	62.27	12.24	26.13
Desulfobulbus_oligotrophicus	2794	AW-2	3183	916	62.51	11.76	32.78
AS-4_5	3016	AR-5	3860	1245	78.73	12.73	41.28
AS-4_5	3016	GM-3_4	4087	1465	78.20	12.76	48.57
AS-4_5	3016	KV	2513	1267	68.36	12.15	50.42
AS-4_5	3016	AU-1_5	3180	2025	96.62	7.43	67.14
AS-4_5	3016	US4	3035	1381	79.37	11.90	45.79
AS-4_5	3016	AW-5	3103	2011	96.75	6.88	66.68
AS-4_5	3016	MCF	3736	1623	79.09	12.30	53.81
AS-4_5	3016	ATG-1	3593	1062	78.62	13.25	35.21
AS-4_5	3016	Desulfobulbus_elongatus	3440	938	63.39	11.79	31.10
AS-4_5	3016	MAR-mqMAG	3593	1586	79.16	12.33	52.59
AS-4_5	3016	MAR-scMAG	3501	1551	79.23	11.85	51.43
AS-4_5	3016	TB	2264	1316	90.01	9.47	58.13
AS-4_5	3016	AR-3	3405	934	71.06	13.71	30.97
AS-4_5	3016	US1	1533	614	80.15	12.66	40.05
AS-4_5	3016	AX-1_4	3149	2070	96.97	6.40	68.63
AS-4_5	3016	AX-5	3977	1429	78.97	12.76	47.38
AS-4_5	3016	MAR-hqMAG	2909	1773	97.19	6.47	60.95
AS-4_5	3016	Desulfovibrio_vulgaris	3140	448	51.74	8.87	14.85
AS-4_5	3016	Desulfobulbus_alkaliphilus	3683	974	62.63	11.92	32.29
AS-4_5	3016	AUS-4	3094	824	76.98	12.92	27.32
AS-4_5	3016	Desulfococcus_multivorans	3860	588	52.95	9.41	19.50
AS-4_5	3016	LOE-1_4_5	3042	1849	96.92	6.68	61.31
AS-4_5	3016	EH-2	3401	996	78.72	13.58	33.02
AS-4_5	3016	MAN-1_4	3364	1291	79.68	12.47	42.81
AS-4_5	3016	AW-2	3183	1939	96.74	7.26	64.29
Desulfobulbus_oralis	2445	AX-2	3034	753	60.33	11.59	30.80
Desulfobulbus_oralis	2445	LOE-2	3502	537	61.26	11.53	21.96
Desulfobulbus_oralis	2445	UQ	2075	724	59.79	10.98	34.89
Desulfobulbus_oralis	2445	SY2	3815	941	59.95	11.15	38.49
Desulfobulbus_oralis	2445	AR-4	3858	682	60.03	11.58	27.89
Desulfobulbus_oralis	2445	AUS-3	2723	620	60.69	11.39	25.36
Desulfobulbus_oralis	2445	SY1	2585	894	60.59	11.00	36.56
Desulfobulbus_oralis	2445	Desulfomonile_tiedjei	5626	550	51.01	8.04	22.49
Desulfobulbus_oralis	2445	Desulfobulbus_propionicus	3332	1206	64.23	11.54	49.33
Desulfobulbus_oralis	2445	F5	1734	619	60.74	10.95	35.70
Desulfobulbus_oralis	2445	AW-1	3152	871	60.06	11.26	35.62
Desulfobulbus_oralis	2445	ENR-cMAG	2936	920	60.29	10.97	37.63
Desulfobulbus_oralis	2445	GS	2626	896	60.46	10.94	36.65
Desulfobulbus_oralis	2445	BRK-cMAG	2843	915	60.66	10.88	37.42
Desulfobulbus_oralis	2445	AUS-1_2	3516	440	61.06	11.70	18.00
Desulfobulbus_oralis	2445	Desulfobulbus_oligotrophicus	2794	1183	63.29	11.64	48.38
Desulfobulbus_oralis	2445	AW-3_4	3192	884	59.87	11.24	36.16
Desulfobulbus_oralis	2445	A5	2111	540	60.47	11.26	25.58
Desulfobulbus_oralis	2445	AS-4_5	3016	778	60.16	11.34	31.82
Desulfobulbus_oralis	2445	AR-5	3860	592	60.05	11.54	24.21
Desulfobulbus_oralis	2445	GM-3_4	4087	748	60.21	11.37	30.59
Desulfobulbus_oralis	2445	KV	2513	864	60.47	11.03	35.34
Desulfobulbus_oralis	2445	AU-1_5	3180	909	60.05	11.11	37.18
Desulfobulbus_oralis	2445	US4	3035	820	59.94	11.26	33.54
Desulfobulbus_oralis	2445	AW-5	3103	848	60.05	11.30	34.68
Desulfobulbus_oralis	2445	MCF	3736	877	60.07	11.43	35.87
Desulfobulbus_oralis	2445	ATG-1	3593	502	60.65	11.67	20.53
Desulfobulbus_oralis	2445	Desulfobulbus_elongatus	3440	1244	63.78	11.57	50.88
Desulfobulbus_oralis	2445	MAR-mqMAG	3593	886	60.30	11.18	36.24
Desulfobulbus_oralis	2445	MAR-scMAG	3501	879	59.71	10.96	35.95
Desulfobulbus_oralis	2445	TB	2264	651	59.66	11.59	28.75
Desulfobulbus_oralis	2445	AR-3	3405	502	60.30	11.24	20.53
Desulfobulbus_oralis	2445	US1	1533	385	61.33	11.40	25.11
Desulfobulbus_oralis	2445	AX-1_4	3149	886	60.19	11.18	36.24
Desulfobulbus_oralis	2445	AX-5	3977	704	59.96	11.37	28.79
Desulfobulbus_oralis	2445	MAR-hqMAG	2909	792	60.28	11.34	32.39
Desulfobulbus_oralis	2445	Desulfovibrio_vulgaris	3140	618	52.21	8.73	25.28
Desulfobulbus_oralis	2445	Desulfobulbus_alkaliphilus	3683	1177	63.37	11.31	48.14
Desulfobulbus_oralis	2445	AUS-4	3094	393	60.48	11.78	16.07
Desulfobulbus_oralis	2445	Desulfococcus_multivorans	3860	673	52.88	9.22	27.53
Desulfobulbus_oralis	2445	LOE-1_4_5	3042	733	59.89	11.36	29.98
Desulfobulbus_oralis	2445	EH-2	3401	429	61.33	12.29	17.55
Desulfobulbus_oralis	2445	MAN-1_4	3364	626	60.64	11.51	25.60
Desulfobulbus_oralis	2445	AW-2	3183	801	60.21	11.45	32.76
GS	2626	BRK-cMAG	2843	1700	76.10	11.17	64.74
GS	2626	AUS-1_2	3516	756	68.52	13.23	28.79
GS	2626	Desulfobulbus_oligotrophicus	2794	980	62.63	11.36	37.32
GS	2626	AW-3_4	3192	1410	68.57	12.04	53.69
GS	2626	A5	2111	825	69.88	12.25	39.08
GS	2626	AS-4_5	3016	1262	68.65	12.09	48.06
GS	2626	AR-5	3860	961	68.91	12.06	36.60
GS	2626	GM-3_4	4087	1230	68.81	12.02	46.84
GS	2626	KV	2513	1644	76.06	11.45	65.42
GS	2626	AU-1_5	3180	1466	68.65	11.95	55.83
GS	2626	US4	3035	1236	69.27	12.03	47.07
GS	2626	AW-5	3103	1365	68.54	12.16	51.98
GS	2626	MCF	3736	1423	69.50	11.95	54.19
GS	2626	ATG-1	3593	823	68.84	12.61	31.34
GS	2626	Desulfobulbus_elongatus	3440	1042	63.78	11.58	39.68
GS	2626	MAR-mqMAG	3593	1442	69.57	11.92	54.91
GS	2626	MAR-scMAG	3501	1455	68.86	12.09	55.41
GS	2626	TB	2264	1054	68.36	12.15	46.55
GS	2626	AR-3	3405	860	70.58	11.97	32.75
GS	2626	US1	1533	544	69.56	12.67	35.49
GS	2626	AX-1_4	3149	1434	68.72	11.92	54.61
GS	2626	AX-5	3977	1158	69.34	12.02	44.10
GS	2626	MAR-hqMAG	2909	1295	68.92	11.98	49.31
GS	2626	Desulfovibrio_vulgaris	3140	522	52.09	8.60	19.88
GS	2626	Desulfobulbus_alkaliphilus	3683	1054	63.06	11.49	40.14
GS	2626	AUS-4	3094	656	68.69	12.60	24.98
GS	2626	Desulfococcus_multivorans	3860	654	53.14	9.29	24.90
GS	2626	LOE-1_4_5	3042	1179	68.62	12.05	44.90
GS	2626	EH-2	3401	754	69.02	12.90	28.71
GS	2626	MAN-1_4	3364	1061	69.01	12.21	40.40
GS	2626	AW-2	3183	1268	68.57	12.33	48.29
UQ	2075	SY2	3815	1197	68.10	11.84	57.69
UQ	2075	AR-4	3858	867	68.34	11.80	41.78
UQ	2075	AUS-3	2723	834	67.43	12.36	40.19
UQ	2075	SY1	2585	1349	79.33	11.84	65.01
UQ	2075	Desulfomonile_tiedjei	5626	460	50.96	7.84	22.17
UQ	2075	Desulfobulbus_propionicus	3332	844	62.95	11.53	40.67
UQ	2075	F5	1734	919	79.60	11.57	53.00
UQ	2075	AW-1	3152	1131	67.54	12.07	54.51
UQ	2075	ENR-cMAG	2936	1428	79.54	11.46	68.82
UQ	2075	GS	2626	1397	79.49	11.48	67.33
UQ	2075	BRK-cMAG	2843	1345	75.85	11.48	64.82
UQ	2075	AUS-1_2	3516	631	68.19	12.80	30.41
UQ	2075	Desulfobulbus_oligotrophicus	2794	803	61.43	11.31	38.70
UQ	2075	AW-3_4	3192	1140	67.24	12.02	54.94
UQ	2075	A5	2111	661	69.15	11.76	31.86
UQ	2075	AS-4_5	3016	1022	67.23	12.10	49.25
UQ	2075	AR-5	3860	798	68.01	12.26	38.46
UQ	2075	GM-3_4	4087	970	67.51	11.96	46.75
UQ	2075	KV	2513	1313	75.49	11.46	63.28
UQ	2075	AU-1_5	3180	1183	67.43	11.95	57.01
UQ	2075	US4	3035	1012	68.24	11.92	48.77
UQ	2075	AW-5	3103	1102	67.49	12.02	53.11
UQ	2075	MCF	3736	1158	67.95	12.13	55.81
UQ	2075	ATG-1	3593	672	67.65	12.75	32.39
UQ	2075	Desulfobulbus_elongatus	3440	843	62.62	11.44	40.63
UQ	2075	MAR-mqMAG	3593	1155	68.13	11.81	55.66
UQ	2075	MAR-scMAG	3501	1142	68.05	11.75	55.04
UQ	2075	TB	2264	864	67.37	12.28	41.64
UQ	2075	AR-3	3405	710	69.81	12.12	34.22
UQ	2075	US1	1533	461	68.74	12.60	30.07
UQ	2075	AX-1_4	3149	1150	67.49	12.00	55.42
UQ	2075	AX-5	3977	942	68.15	12.09	45.40
UQ	2075	MAR-hqMAG	2909	1048	67.60	11.99	50.51
UQ	2075	Desulfovibrio_vulgaris	3140	417	51.26	8.08	20.10
UQ	2075	Desulfobulbus_alkaliphilus	3683	860	61.83	11.40	41.45
UQ	2075	AUS-4	3094	527	68.54	12.24	25.40
UQ	2075	Desulfococcus_multivorans	3860	523	52.19	8.90	25.20
UQ	2075	LOE-1_4_5	3042	959	67.48	12.10	46.22
UQ	2075	EH-2	3401	603	68.39	12.76	29.06
UQ	2075	MAN-1_4	3364	850	68.07	12.02	40.96
UQ	2075	AW-2	3183	1044	67.38	12.29	50.31
ENR-cMAG	2936	GS	2626	2598	99.99	0.41	98.93
ENR-cMAG	2936	BRK-cMAG	2843	1735	76.12	11.20	61.03
ENR-cMAG	2936	AUS-1_2	3516	768	68.53	13.19	26.16
ENR-cMAG	2936	Desulfobulbus_oligotrophicus	2794	1004	62.58	11.34	35.93
ENR-cMAG	2936	AW-3_4	3192	1439	68.68	12.00	49.01
ENR-cMAG	2936	A5	2111	844	69.97	12.17	39.98
ENR-cMAG	2936	AS-4_5	3016	1283	68.66	12.03	43.70
ENR-cMAG	2936	AR-5	3860	978	69.05	12.00	33.31
ENR-cMAG	2936	GM-3_4	4087	1244	68.93	11.96	42.37
ENR-cMAG	2936	KV	2513	1680	76.15	11.44	66.85
ENR-cMAG	2936	AU-1_5	3180	1492	68.78	11.90	50.82
ENR-cMAG	2936	US4	3035	1260	69.32	11.96	42.92
ENR-cMAG	2936	AW-5	3103	1390	68.66	12.11	47.34
ENR-cMAG	2936	MCF	3736	1452	69.53	11.96	49.46
ENR-cMAG	2936	ATG-1	3593	840	68.82	12.70	28.61
ENR-cMAG	2936	Desulfobulbus_elongatus	3440	1066	63.78	11.56	36.31
ENR-cMAG	2936	MAR-mqMAG	3593	1474	69.57	11.92	50.20
ENR-cMAG	2936	MAR-scMAG	3501	1485	68.92	12.10	50.58
ENR-cMAG	2936	TB	2264	1071	68.53	12.10	47.31
ENR-cMAG	2936	AR-3	3405	875	70.61	11.99	29.80
ENR-cMAG	2936	US1	1533	556	69.62	12.60	36.27
ENR-cMAG	2936	AX-1_4	3149	1464	68.77	11.94	49.86
ENR-cMAG	2936	AX-5	3977	1183	69.47	12.01	40.29
ENR-cMAG	2936	MAR-hqMAG	2909	1325	68.98	11.96	45.55
ENR-cMAG	2936	Desulfovibrio_vulgaris	3140	536	52.17	8.63	18.26
ENR-cMAG	2936	Desulfobulbus_alkaliphilus	3683	1084	63.03	11.45	36.92
ENR-cMAG	2936	AUS-4	3094	672	68.59	12.74	22.89
ENR-cMAG	2936	Desulfococcus_multivorans	3860	666	53.16	9.29	22.68
ENR-cMAG	2936	LOE-1_4_5	3042	1199	68.68	12.03	40.84
ENR-cMAG	2936	EH-2	3401	768	69.14	12.85	26.16
ENR-cMAG	2936	MAN-1_4	3364	1090	69.01	12.20	37.13
ENR-cMAG	2936	AW-2	3183	1294	68.68	12.28	44.07
BRK-cMAG	2843	AUS-1_2	3516	794	68.66	13.20	27.93
BRK-cMAG	2843	Desulfobulbus_oligotrophicus	2794	1024	62.33	11.39	36.65
BRK-cMAG	2843	AW-3_4	3192	1537	68.17	12.11	54.06
BRK-cMAG	2843	A5	2111	867	69.33	12.12	41.07
BRK-cMAG	2843	AS-4_5	3016	1366	67.91	12.27	48.05
BRK-cMAG	2843	AR-5	3860	1041	68.20	12.25	36.62
BRK-cMAG	2843	GM-3_4	4087	1301	68.12	12.06	45.76
BRK-cMAG	2843	KV	2513	1850	81.48	11.00	73.62
BRK-cMAG	2843	AU-1_5	3180	1617	68.15	12.13	56.88
BRK-cMAG	2843	US4	3035	1362	68.45	12.18	47.91
BRK-cMAG	2843	AW-5	3103	1481	68.15	12.11	52.09
BRK-cMAG	2843	MCF	3736	1563	68.48	12.37	54.98
BRK-cMAG	2843	ATG-1	3593	838	68.96	12.43	29.48
BRK-cMAG	2843	Desulfobulbus_elongatus	3440	1084	63.38	11.54	38.13
BRK-cMAG	2843	MAR-mqMAG	3593	1606	68.62	12.39	56.49
BRK-cMAG	2843	MAR-scMAG	3501	1573	68.65	12.11	55.33
BRK-cMAG	2843	TB	2264	1138	67.77	12.19	50.27
BRK-cMAG	2843	AR-3	3405	916	69.59	12.07	32.22
BRK-cMAG	2843	US1	1533	559	69.08	12.50	36.46
BRK-cMAG	2843	AX-1_4	3149	1565	68.11	12.21	55.05
BRK-cMAG	2843	AX-5	3977	1263	68.46	12.38	44.42
BRK-cMAG	2843	MAR-hqMAG	2909	1420	68.33	12.19	49.95
BRK-cMAG	2843	Desulfovibrio_vulgaris	3140	538	52.15	8.62	18.92
BRK-cMAG	2843	Desulfobulbus_alkaliphilus	3683	1114	62.60	11.63	39.18
BRK-cMAG	2843	AUS-4	3094	685	68.30	12.78	24.09
BRK-cMAG	2843	Desulfococcus_multivorans	3860	697	53.02	9.30	24.52
BRK-cMAG	2843	LOE-1_4_5	3042	1280	68.01	12.27	45.02
BRK-cMAG	2843	EH-2	3401	806	69.47	12.99	28.35
BRK-cMAG	2843	MAN-1_4	3364	1089	68.54	12.38	38.30
BRK-cMAG	2843	AW-2	3183	1392	68.28	12.31	48.96
LOE-2	3502	UQ	2075	743	68.81	12.21	35.81
LOE-2	3502	SY2	3815	1252	80.26	12.45	35.75
LOE-2	3502	AR-4	3858	980	74.89	13.42	27.98
LOE-2	3502	AUS-3	2723	943	79.57	12.41	34.63
LOE-2	3502	SY1	2585	909	68.84	12.22	35.16
LOE-2	3502	Desulfomonile_tiedjei	5626	360	51.35	8.33	10.28
LOE-2	3502	Desulfobulbus_propionicus	3332	618	65.24	12.16	18.55
LOE-2	3502	F5	1734	634	70.44	12.67	36.56
LOE-2	3502	AW-1	3152	1144	79.72	12.27	36.29
LOE-2	3502	ENR-cMAG	2936	899	69.93	12.29	30.62
LOE-2	3502	GS	2626	880	69.95	12.31	33.51
LOE-2	3502	BRK-cMAG	2843	933	69.63	12.46	32.82
LOE-2	3502	AUS-1_2	3516	976	78.72	14.02	27.87
LOE-2	3502	Desulfobulbus_oligotrophicus	2794	583	63.36	11.99	20.87
LOE-2	3502	AW-3_4	3192	1147	79.53	12.46	35.93
LOE-2	3502	A5	2111	741	84.82	12.45	35.10
LOE-2	3502	AS-4_5	3016	1062	79.24	12.79	35.21
LOE-2	3502	AR-5	3860	1106	82.34	12.73	31.58
LOE-2	3502	GM-3_4	4087	1112	82.10	12.60	31.75
LOE-2	3502	KV	2513	900	70.09	12.60	35.81
LOE-2	3502	AU-1_5	3180	1122	79.77	12.21	35.28
LOE-2	3502	US4	3035	1000	83.84	11.96	32.95
LOE-2	3502	AW-5	3103	1121	79.43	12.40	36.13
LOE-2	3502	MCF	3736	1199	84.21	11.88	34.24
LOE-2	3502	ATG-1	3593	921	79.25	13.42	26.30
LOE-2	3502	Desulfobulbus_elongatus	3440	616	64.55	11.79	17.91
LOE-2	3502	MAR-mqMAG	3593	1152	84.10	12.20	32.90
LOE-2	3502	MAR-scMAG	3501	1159	83.26	12.45	33.10
LOE-2	3502	TB	2264	817	79.50	12.10	36.09
LOE-2	3502	AR-3	3405	789	72.05	14.11	23.17
LOE-2	3502	US1	1533	572	83.62	12.39	37.31
LOE-2	3502	AX-1_4	3149	1133	79.74	12.17	35.98
LOE-2	3502	AX-5	3977	1213	83.51	12.25	34.64
LOE-2	3502	MAR-hqMAG	2909	1006	79.89	12.21	34.58
LOE-2	3502	Desulfovibrio_vulgaris	3140	324	52.25	9.00	10.32
LOE-2	3502	Desulfobulbus_alkaliphilus	3683	664	63.29	12.32	18.96
LOE-2	3502	AUS-4	3094	842	78.93	13.88	27.21
LOE-2	3502	Desulfococcus_multivorans	3860	436	53.66	9.76	12.45
LOE-2	3502	LOE-1_4_5	3042	1068	79.28	12.61	35.11
LOE-2	3502	EH-2	3401	974	78.32	14.03	28.64
LOE-2	3502	MAN-1_4	3364	1116	78.93	13.08	33.17
LOE-2	3502	AW-2	3183	1143	79.77	12.15	35.91
AW-3_4	3192	A5	2111	1017	79.75	12.56	48.18
AW-3_4	3192	AS-4_5	3016	2016	96.72	7.31	66.84
AW-3_4	3192	AR-5	3860	1302	78.89	12.48	40.79
AW-3_4	3192	GM-3_4	4087	1578	78.72	12.09	49.44
AW-3_4	3192	KV	2513	1457	68.20	12.23	57.98
AW-3_4	3192	AU-1_5	3180	2368	97.40	6.06	74.47
AW-3_4	3192	US4	3035	1557	79.26	11.76	51.30
AW-3_4	3192	AW-5	3103	2334	97.81	5.23	75.22
AW-3_4	3192	MCF	3736	1834	79.22	11.94	57.46
AW-3_4	3192	ATG-1	3593	1090	78.97	12.80	34.15
AW-3_4	3192	Desulfobulbus_elongatus	3440	1064	63.15	11.79	33.33
AW-3_4	3192	MAR-mqMAG	3593	1823	79.27	11.96	57.11
AW-3_4	3192	MAR-scMAG	3501	1796	78.95	11.93	56.27
AW-3_4	3192	TB	2264	1459	89.86	9.25	64.44
AW-3_4	3192	AR-3	3405	952	71.29	13.54	29.82
AW-3_4	3192	US1	1533	648	80.94	11.83	42.27
AW-3_4	3192	AX-1_4	3149	2406	97.61	6.12	76.41
AW-3_4	3192	AX-5	3977	1525	79.40	12.13	47.78
AW-3_4	3192	MAR-hqMAG	2909	2037	97.88	5.93	70.02
AW-3_4	3192	Desulfovibrio_vulgaris	3140	507	51.87	8.56	16.15
AW-3_4	3192	Desulfobulbus_alkaliphilus	3683	1118	62.10	12.04	35.03
AW-3_4	3192	AUS-4	3094	839	77.00	13.16	27.12
AW-3_4	3192	Desulfococcus_multivorans	3860	674	52.59	9.09	21.12
AW-3_4	3192	LOE-1_4_5	3042	2041	97.54	6.33	67.09
AW-3_4	3192	EH-2	3401	1021	79.79	13.27	31.99
AW-3_4	3192	MAN-1_4	3364	1360	80.08	12.13	42.61
AW-3_4	3192	AW-2	3183	2220	97.54	5.99	69.75
AUS-3	2723	SY1	2585	1008	67.93	12.21	38.99
AUS-3	2723	Desulfomonile_tiedjei	5626	390	51.46	8.13	14.32
AUS-3	2723	Desulfobulbus_propionicus	3332	759	64.25	12.03	27.87
AUS-3	2723	F5	1734	710	69.10	12.45	40.95
AUS-3	2723	AW-1	3152	1740	97.22	5.98	63.90
AUS-3	2723	ENR-cMAG	2936	1027	68.72	12.19	37.72
AUS-3	2723	GS	2626	1006	68.61	12.29	38.31
AUS-3	2723	BRK-cMAG	2843	1094	67.83	12.34	40.18
AUS-3	2723	AUS-1_2	3516	812	77.41	13.17	29.82
AUS-3	2723	Desulfobulbus_oligotrophicus	2794	710	62.72	11.74	26.07
AUS-3	2723	AW-3_4	3192	1686	97.20	6.36	61.92
AUS-3	2723	A5	2111	769	79.59	12.58	36.43
AUS-3	2723	AS-4_5	3016	1791	97.89	5.65	65.77
AUS-3	2723	AR-5	3860	1093	78.76	12.86	40.14
AUS-3	2723	GM-3_4	4087	1223	78.57	12.69	44.91
AUS-3	2723	KV	2513	1020	68.66	12.13	40.59
AUS-3	2723	AU-1_5	3180	1639	97.20	6.45	60.19
AUS-3	2723	US4	3035	1115	79.35	11.94	40.95
AUS-3	2723	AW-5	3103	1701	97.11	6.22	62.47
AUS-3	2723	MCF	3736	1303	79.40	12.13	47.85
AUS-3	2723	ATG-1	3593	936	79.04	12.76	34.37
AUS-3	2723	Desulfobulbus_elongatus	3440	749	63.48	11.96	27.51
AUS-3	2723	MAR-mqMAG	3593	1269	79.51	11.95	46.60
AUS-3	2723	MAR-scMAG	3501	1233	79.42	11.77	45.28
AUS-3	2723	TB	2264	1087	89.67	10.21	48.01
AUS-3	2723	AR-3	3405	787	71.10	13.76	28.90
AUS-3	2723	US1	1533	562	80.37	12.11	36.66
AUS-3	2723	AX-1_4	3149	1727	97.41	5.46	63.42
AUS-3	2723	AX-5	3977	1230	79.58	12.06	45.17
AUS-3	2723	MAR-hqMAG	2909	1441	97.46	6.49	52.92
AUS-3	2723	Desulfovibrio_vulgaris	3140	361	52.03	8.80	13.26
AUS-3	2723	Desulfobulbus_alkaliphilus	3683	776	62.71	12.12	28.50
AUS-3	2723	AUS-4	3094	772	77.00	12.97	28.35
AUS-3	2723	Desulfococcus_multivorans	3860	470	53.31	9.44	17.26
AUS-3	2723	LOE-1_4_5	3042	1634	97.14	6.60	60.01
AUS-3	2723	EH-2	3401	882	79.05	13.14	32.39
AUS-3	2723	MAN-1_4	3364	1126	79.90	12.31	41.35
AUS-3	2723	AW-2	3183	1688	97.15	6.20	61.99
AR-4	3858	AUS-3	2723	1032	73.53	13.39	37.90
AR-4	3858	SY1	2585	1078	68.51	12.01	41.70
AR-4	3858	Desulfomonile_tiedjei	5626	402	51.75	8.30	10.42
AR-4	3858	Desulfobulbus_propionicus	3332	812	63.99	12.03	24.37
AR-4	3858	F5	1734	747	70.54	11.82	43.08
AR-4	3858	AW-1	3152	1275	73.62	13.19	40.45
AR-4	3858	ENR-cMAG	2936	1084	69.68	11.95	36.92
AR-4	3858	GS	2626	1061	69.60	12.02	40.40
AR-4	3858	BRK-cMAG	2843	1131	68.73	12.11	39.78
AR-4	3858	AUS-1_2	3516	825	72.94	14.37	23.46
AR-4	3858	Desulfobulbus_oligotrophicus	2794	774	62.39	11.93	27.70
AR-4	3858	AW-3_4	3192	1270	73.71	13.05	39.79
AR-4	3858	A5	2111	805	75.24	13.21	38.13
AR-4	3858	AS-4_5	3016	1205	73.59	13.29	39.95
AR-4	3858	AR-5	3860	1236	74.79	13.33	32.04
AR-4	3858	GM-3_4	4087	1346	74.59	13.23	34.89
AR-4	3858	KV	2513	1061	68.96	12.28	42.22
AR-4	3858	AU-1_5	3180	1273	73.64	13.02	40.03
AR-4	3858	US4	3035	1272	75.31	12.24	41.91
AR-4	3858	AW-5	3103	1270	73.45	13.17	40.93
AR-4	3858	MCF	3736	1410	74.93	12.57	37.74
AR-4	3858	ATG-1	3593	1014	74.82	13.88	28.22
AR-4	3858	Desulfobulbus_elongatus	3440	824	63.01	12.15	23.95
AR-4	3858	MAR-mqMAG	3593	1385	75.05	12.63	38.55
AR-4	3858	MAR-scMAG	3501	1378	75.09	12.51	39.36
AR-4	3858	TB	2264	963	73.51	12.90	42.54
AR-4	3858	AR-3	3405	984	73.79	13.43	28.90
AR-4	3858	US1	1533	608	75.52	13.57	39.66
AR-4	3858	AX-1_4	3149	1289	73.77	13.03	40.93
AR-4	3858	AX-5	3977	1334	74.88	13.31	34.58
AR-4	3858	MAR-hqMAG	2909	1119	73.85	12.86	38.47
AR-4	3858	Desulfovibrio_vulgaris	3140	386	51.72	8.44	12.29
AR-4	3858	Desulfobulbus_alkaliphilus	3683	847	62.45	12.19	23.00
AR-4	3858	AUS-4	3094	796	73.10	13.96	25.73
AR-4	3858	Desulfococcus_multivorans	3860	489	53.63	9.59	12.67
AR-4	3858	LOE-1_4_5	3042	1176	73.67	13.28	38.66
AR-4	3858	EH-2	3401	901	73.80	14.35	26.49
AR-4	3858	MAN-1_4	3364	1060	74.18	13.50	31.51
AR-4	3858	AW-2	3183	1222	73.58	13.35	38.39
SY1	2585	Desulfomonile_tiedjei	5626	566	51.61	8.42	21.90
SY1	2585	Desulfobulbus_propionicus	3332	1048	63.96	11.63	40.54
SY1	2585	F5	1734	1139	79.55	11.98	65.69
SY1	2585	AW-1	3152	1403	67.92	12.12	54.27
SY1	2585	ENR-cMAG	2936	1771	80.01	12.60	68.51
SY1	2585	GS	2626	1734	79.95	12.61	67.08
SY1	2585	BRK-cMAG	2843	1697	75.50	11.80	65.65
SY1	2585	AUS-1_2	3516	763	68.09	12.96	29.52
SY1	2585	Desulfobulbus_oligotrophicus	2794	982	62.47	11.39	37.99
SY1	2585	AW-3_4	3192	1415	67.99	11.92	54.74
SY1	2585	A5	2111	835	68.79	12.40	39.55
SY1	2585	AS-4_5	3016	1247	67.91	12.03	48.24
SY1	2585	AR-5	3860	1006	68.00	12.22	38.92
SY1	2585	GM-3_4	4087	1230	67.82	12.05	47.58
SY1	2585	KV	2513	1625	75.01	12.02	64.66
SY1	2585	AU-1_5	3180	1470	68.18	11.83	56.87
SY1	2585	US4	3035	1269	68.45	12.01	49.09
SY1	2585	AW-5	3103	1368	67.81	12.08	52.92
SY1	2585	MCF	3736	1440	68.41	12.14	55.71
SY1	2585	ATG-1	3593	838	67.59	12.94	32.42
SY1	2585	Desulfobulbus_elongatus	3440	1047	63.61	11.59	40.50
SY1	2585	MAR-mqMAG	3593	1465	68.37	12.12	56.67
SY1	2585	MAR-scMAG	3501	1454	68.12	12.07	56.25
SY1	2585	TB	2264	1046	67.71	12.14	46.20
SY1	2585	AR-3	3405	877	69.11	12.16	33.93
SY1	2585	US1	1533	533	68.77	12.54	34.77
SY1	2585	AX-1_4	3149	1437	67.97	12.05	55.59
SY1	2585	AX-5	3977	1172	68.31	12.21	45.34
SY1	2585	MAR-hqMAG	2909	1295	68.23	12.00	50.10
SY1	2585	Desulfovibrio_vulgaris	3140	524	52.29	8.58	20.27
SY1	2585	Desulfobulbus_alkaliphilus	3683	1079	62.72	11.48	41.74
SY1	2585	AUS-4	3094	660	68.12	12.52	25.53
SY1	2585	Desulfococcus_multivorans	3860	678	53.00	9.43	26.23
SY1	2585	LOE-1_4_5	3042	1175	67.83	12.06	45.45
SY1	2585	EH-2	3401	763	68.51	12.73	29.52
SY1	2585	MAN-1_4	3364	1048	68.08	12.31	40.54
SY1	2585	AW-2	3183	1283	67.95	12.18	49.63
AW-1	3152	ENR-cMAG	2936	1434	68.74	11.98	48.84
AW-1	3152	GS	2626	1404	68.69	11.98	53.47
AW-1	3152	BRK-cMAG	2843	1531	68.21	12.16	53.85
AW-1	3152	AUS-1_2	3516	953	77.37	13.13	30.23
AW-1	3152	Desulfobulbus_oligotrophicus	2794	992	62.39	11.64	35.50
AW-1	3152	AW-3_4	3192	2365	97.60	6.09	75.03
AW-1	3152	A5	2111	1024	79.68	12.57	48.51
AW-1	3152	AS-4_5	3016	2047	96.95	6.38	67.87
AW-1	3152	AR-5	3860	1296	79.14	12.36	41.12
AW-1	3152	GM-3_4	4087	1552	78.58	12.29	49.24
AW-1	3152	KV	2513	1436	68.47	12.11	57.14
AW-1	3152	AU-1_5	3180	2319	97.43	6.16	73.57
AW-1	3152	US4	3035	1540	79.25	11.73	50.74
AW-1	3152	AW-5	3103	2340	97.71	5.54	75.41
AW-1	3152	MCF	3736	1814	79.28	11.87	57.55
AW-1	3152	ATG-1	3593	1099	78.89	12.87	34.87
AW-1	3152	Desulfobulbus_elongatus	3440	1051	63.11	11.90	33.34
AW-1	3152	MAR-mqMAG	3593	1792	79.28	11.96	56.85
AW-1	3152	MAR-scMAG	3501	1753	79.31	11.53	55.62
AW-1	3152	TB	2264	1449	89.88	9.12	64.00
AW-1	3152	AR-3	3405	971	71.34	13.49	30.81
AW-1	3152	US1	1533	654	80.76	12.05	42.66
AW-1	3152	AX-1_4	3149	2840	99.89	1.20	90.19
AW-1	3152	AX-5	3977	1542	79.45	11.90	48.92
AW-1	3152	MAR-hqMAG	2909	1982	98.02	5.49	68.13
AW-1	3152	Desulfovibrio_vulgaris	3140	502	51.72	8.55	15.99
AW-1	3152	Desulfobulbus_alkaliphilus	3683	1102	62.30	12.02	34.96
AW-1	3152	AUS-4	3094	841	77.54	12.51	27.18
AW-1	3152	Desulfococcus_multivorans	3860	675	52.58	9.14	21.41
AW-1	3152	LOE-1_4_5	3042	2029	97.77	5.64	66.70
AW-1	3152	EH-2	3401	1050	79.87	13.09	33.31
AW-1	3152	MAN-1_4	3364	1353	79.95	12.31	42.93
AW-1	3152	AW-2	3183	2211	97.59	6.01	70.15
US1	1533	AX-1_4	3149	658	80.49	12.17	42.92
US1	1533	AX-5	3977	692	87.94	10.65	45.14
US1	1533	MAR-hqMAG	2909	571	81.38	11.63	37.25
US1	1533	Desulfovibrio_vulgaris	3140	217	52.18	8.53	14.16
US1	1533	Desulfobulbus_alkaliphilus	3683	464	63.86	12.06	30.27
US1	1533	AUS-4	3094	482	79.43	13.27	31.44
US1	1533	Desulfococcus_multivorans	3860	284	53.52	9.15	18.53
US1	1533	LOE-1_4_5	3042	628	80.18	12.65	40.97
US1	1533	EH-2	3401	464	80.06	13.35	30.27
US1	1533	MAN-1_4	3364	585	81.59	11.68	38.16
US1	1533	AW-2	3183	636	80.24	12.35	41.49
AR-5	3860	GM-3_4	4087	1442	83.92	12.01	37.36
AR-5	3860	KV	2513	976	68.38	12.39	38.84
AR-5	3860	AU-1_5	3180	1289	79.13	12.23	40.53
AR-5	3860	US4	3035	1290	87.66	10.69	42.50
AR-5	3860	AW-5	3103	1281	79.11	12.25	41.28
AR-5	3860	MCF	3736	1506	86.36	11.09	40.31
AR-5	3860	ATG-1	3593	1126	79.93	12.87	31.34
AR-5	3860	Desulfobulbus_elongatus	3440	705	63.29	11.89	20.49
AR-5	3860	MAR-mqMAG	3593	1425	86.20	11.42	39.66
AR-5	3860	MAR-scMAG	3501	1492	87.23	10.84	42.62
AR-5	3860	TB	2264	986	79.07	12.65	43.55
AR-5	3860	AR-3	3405	953	72.48	14.11	27.99
AR-5	3860	US1	1533	664	88.16	10.63	43.31
AR-5	3860	AX-1_4	3149	1292	79.20	12.30	41.03
AR-5	3860	AX-5	3977	1519	85.74	11.90	39.35
AR-5	3860	MAR-hqMAG	2909	1133	79.05	12.16	38.95
AR-5	3860	Desulfovibrio_vulgaris	3140	342	52.14	8.96	10.89
AR-5	3860	Desulfobulbus_alkaliphilus	3683	753	62.40	12.16	20.45
AR-5	3860	AUS-4	3094	913	78.07	13.47	29.51
AR-5	3860	Desulfococcus_multivorans	3860	480	53.40	9.72	12.44
AR-5	3860	LOE-1_4_5	3042	1239	78.98	12.43	40.73
AR-5	3860	EH-2	3401	945	78.38	12.93	27.79
AR-5	3860	MAN-1_4	3364	1133	78.73	13.07	33.68
AR-5	3860	AW-2	3183	1252	79.05	12.25	39.33
AR-3	3405	US1	1533	464	72.35	13.68	30.27
AR-3	3405	AX-1_4	3149	979	71.71	13.42	31.09
AR-3	3405	AX-5	3977	1011	72.29	13.94	29.69
AR-3	3405	MAR-hqMAG	2909	873	71.31	13.35	30.01
AR-3	3405	Desulfovibrio_vulgaris	3140	300	51.36	8.51	9.55
AR-3	3405	Desulfobulbus_alkaliphilus	3683	641	62.50	12.05	18.83
AR-3	3405	AUS-4	3094	611	70.77	14.17	19.75
AR-3	3405	Desulfococcus_multivorans	3860	392	53.17	9.44	11.51
AR-3	3405	LOE-1_4_5	3042	899	71.28	13.62	29.55
AR-3	3405	EH-2	3401	728	71.37	14.12	21.41
AR-3	3405	MAN-1_4	3364	861	71.35	13.74	25.59
AR-3	3405	AW-2	3183	963	71.38	13.78	30.25
KV	2513	AU-1_5	3180	1509	68.47	12.06	60.05
KV	2513	US4	3035	1254	68.86	11.92	49.90
KV	2513	AW-5	3103	1388	68.25	12.22	55.23
KV	2513	MCF	3736	1436	69.27	12.21	57.14
KV	2513	ATG-1	3593	830	68.89	12.54	33.03
KV	2513	Desulfobulbus_elongatus	3440	1023	63.30	11.60	40.71
KV	2513	MAR-mqMAG	3593	1469	69.23	12.10	58.46
KV	2513	MAR-scMAG	3501	1454	68.95	11.92	57.86
KV	2513	TB	2264	1050	68.29	12.13	46.38
KV	2513	AR-3	3405	886	69.67	12.38	35.26
KV	2513	US1	1533	532	69.52	12.33	34.70
KV	2513	AX-1_4	3149	1455	68.44	12.09	57.90
KV	2513	AX-5	3977	1168	69.05	12.23	46.48
KV	2513	MAR-hqMAG	2909	1332	68.44	12.20	53.00
KV	2513	Desulfovibrio_vulgaris	3140	499	52.10	8.55	19.86
KV	2513	Desulfobulbus_alkaliphilus	3683	1064	62.38	11.76	42.34
KV	2513	AUS-4	3094	646	69.14	12.67	25.71
KV	2513	Desulfococcus_multivorans	3860	636	53.40	9.34	25.31
KV	2513	LOE-1_4_5	3042	1200	68.28	12.33	47.75
KV	2513	EH-2	3401	752	69.46	13.12	29.92
KV	2513	MAN-1_4	3364	1067	68.86	12.21	42.46
KV	2513	AW-2	3183	1300	68.47	12.25	51.73
TB	2264	AR-3	3405	743	70.61	13.53	32.82
TB	2264	US1	1533	511	80.57	12.53	33.33
TB	2264	AX-1_4	3149	1477	89.87	9.14	65.24
TB	2264	AX-5	3977	1093	79.38	12.02	48.28
TB	2264	MAR-hqMAG	2909	1330	90.18	8.82	58.75
TB	2264	Desulfovibrio_vulgaris	3140	374	51.52	8.54	16.52
TB	2264	Desulfobulbus_alkaliphilus	3683	807	62.12	12.09	35.64
TB	2264	AUS-4	3094	628	76.62	12.91	27.74
TB	2264	Desulfococcus_multivorans	3860	482	52.91	9.27	21.29
TB	2264	LOE-1_4_5	3042	1262	89.71	9.59	55.74
TB	2264	EH-2	3401	747	78.66	12.97	32.99
TB	2264	MAN-1_4	3364	982	79.95	12.54	43.37
TB	2264	AW-2	3183	1341	89.70	9.52	59.23
AX-2	3034	LOE-2	3502	1093	79.63	12.14	36.03
AX-2	3034	UQ	2075	988	67.63	12.25	47.61
AX-2	3034	SY2	3815	1596	80.36	11.69	52.60
AX-2	3034	AR-4	3858	1142	74.37	12.80	37.64
AX-2	3034	AUS-3	2723	1648	96.96	7.36	60.52
AX-2	3034	SY1	2585	1213	68.13	12.14	46.92
AX-2	3034	Desulfomonile_tiedjei	5626	473	51.48	8.40	15.59
AX-2	3034	Desulfobulbus_propionicus	3332	931	64.03	12.01	30.69
AX-2	3034	F5	1734	837	69.40	12.16	48.27
AX-2	3034	AW-1	3152	2063	97.54	6.22	68.00
AX-2	3034	ENR-cMAG	2936	1229	68.81	12.28	41.86
AX-2	3034	GS	2626	1204	68.73	12.33	45.85
AX-2	3034	BRK-cMAG	2843	1307	68.39	12.35	45.97
AX-2	3034	AUS-1_2	3516	929	77.17	13.45	30.62
AX-2	3034	Desulfobulbus_oligotrophicus	2794	862	62.72	11.77	30.85
AX-2	3034	AW-3_4	3192	2068	97.47	6.59	68.16
AX-2	3034	A5	2111	911	79.67	12.58	43.15
AX-2	3034	AS-4_5	3016	1860	96.73	7.06	61.67
AX-2	3034	AR-5	3860	1205	79.00	12.42	39.72
AX-2	3034	GM-3_4	4087	1439	78.77	12.29	47.43
AX-2	3034	KV	2513	1244	68.81	12.09	49.50
AX-2	3034	AU-1_5	3180	2021	97.16	6.88	66.61
AX-2	3034	US4	3035	1350	79.79	11.61	44.50
AX-2	3034	AW-5	3103	2082	97.45	6.45	68.62
AX-2	3034	MCF	3736	1591	79.44	11.94	52.44
AX-2	3034	ATG-1	3593	1041	78.93	12.56	34.31
AX-2	3034	Desulfobulbus_elongatus	3440	918	63.32	12.01	30.26
AX-2	3034	MAR-mqMAG	3593	1550	79.39	12.04	51.09
AX-2	3034	MAR-scMAG	3501	1510	79.43	11.76	49.77
AX-2	3034	TB	2264	1278	89.49	9.79	56.45
AX-2	3034	AR-3	3405	907	70.85	13.76	29.89
AX-2	3034	US1	1533	625	80.48	11.98	40.77
AX-2	3034	AX-1_4	3149	2076	97.52	6.25	68.42
AX-2	3034	AX-5	3977	1421	79.27	12.26	46.84
AX-2	3034	MAR-hqMAG	2909	1713	97.56	6.70	58.89
AX-2	3034	Desulfovibrio_vulgaris	3140	431	52.19	8.80	14.21
AX-2	3034	Desulfobulbus_alkaliphilus	3683	944	62.69	12.09	31.11
AX-2	3034	AUS-4	3094	831	76.77	13.25	27.39
AX-2	3034	Desulfococcus_multivorans	3860	590	53.02	9.51	19.45
AX-2	3034	LOE-1_4_5	3042	1917	97.51	6.28	63.18
AX-2	3034	EH-2	3401	969	79.55	13.38	31.94
AX-2	3034	MAN-1_4	3364	1257	80.02	12.22	41.43
AX-2	3034	AW-2	3183	2030	97.59	5.76	66.91
Desulfobulbus_propionicus	3332	F5	1734	718	64.46	11.83	41.41
Desulfobulbus_propionicus	3332	AW-1	3152	1075	63.66	11.99	34.11
Desulfobulbus_propionicus	3332	ENR-cMAG	2936	1071	64.13	11.67	36.48
Desulfobulbus_propionicus	3332	GS	2626	1048	64.12	11.72	39.91
Desulfobulbus_propionicus	3332	BRK-cMAG	2843	1090	63.81	11.71	38.34
Desulfobulbus_propionicus	3332	AUS-1_2	3516	511	64.54	12.78	15.34
Desulfobulbus_propionicus	3332	Desulfobulbus_oligotrophicus	2794	1980	73.05	12.22	70.87
Desulfobulbus_propionicus	3332	AW-3_4	3192	1087	63.72	11.86	34.05
Desulfobulbus_propionicus	3332	A5	2111	671	64.39	12.00	31.79
Desulfobulbus_propionicus	3332	AS-4_5	3016	959	63.93	11.89	31.80
Desulfobulbus_propionicus	3332	AR-5	3860	715	63.87	12.36	21.46
Desulfobulbus_propionicus	3332	GM-3_4	4087	914	63.70	12.11	27.43
Desulfobulbus_propionicus	3332	KV	2513	1029	63.67	11.74	40.95
Desulfobulbus_propionicus	3332	AU-1_5	3180	1125	63.75	11.80	35.38
Desulfobulbus_propionicus	3332	US4	3035	994	63.63	12.05	32.75
Desulfobulbus_propionicus	3332	AW-5	3103	1054	63.74	11.88	33.97
Desulfobulbus_propionicus	3332	MCF	3736	1078	63.71	12.31	32.35
Desulfobulbus_propionicus	3332	ATG-1	3593	606	64.43	12.17	18.19
Desulfobulbus_propionicus	3332	Desulfobulbus_elongatus	3440	2299	77.59	11.76	69.00
Desulfobulbus_propionicus	3332	MAR-mqMAG	3593	1096	63.93	12.03	32.89
Desulfobulbus_propionicus	3332	MAR-scMAG	3501	1103	63.53	12.07	33.10
Desulfobulbus_propionicus	3332	TB	2264	797	63.27	12.18	35.20
Desulfobulbus_propionicus	3332	AR-3	3405	604	64.08	11.88	18.13
Desulfobulbus_propionicus	3332	US1	1533	459	64.75	12.21	29.94
Desulfobulbus_propionicus	3332	AX-1_4	3149	1100	63.71	11.86	34.93
Desulfobulbus_propionicus	3332	AX-5	3977	858	63.99	12.22	25.75
Desulfobulbus_propionicus	3332	MAR-hqMAG	2909	1001	63.83	11.95	34.41
Desulfobulbus_propionicus	3332	Desulfovibrio_vulgaris	3140	773	51.79	8.98	24.62
Desulfobulbus_propionicus	3332	Desulfobulbus_alkaliphilus	3683	1931	72.44	12.28	57.95
Desulfobulbus_propionicus	3332	AUS-4	3094	470	63.91	12.76	15.19
Desulfobulbus_propionicus	3332	Desulfococcus_multivorans	3860	960	54.22	9.90	28.81
Desulfobulbus_propionicus	3332	LOE-1_4_5	3042	893	63.77	11.80	29.36
Desulfobulbus_propionicus	3332	EH-2	3401	508	65.06	12.68	15.25
Desulfobulbus_propionicus	3332	MAN-1_4	3364	761	64.20	12.29	22.84
Desulfobulbus_propionicus	3332	AW-2	3183	982	63.89	11.97	30.85
ATG-1	3593	Desulfobulbus_elongatus	3440	594	64.00	11.94	17.27
ATG-1	3593	MAR-mqMAG	3593	1150	81.31	11.44	32.01
ATG-1	3593	MAR-scMAG	3501	1154	80.75	11.89	32.96
ATG-1	3593	TB	2264	801	78.75	12.72	35.38
ATG-1	3593	AR-3	3405	804	71.10	14.37	23.61
ATG-1	3593	US1	1533	554	82.26	12.08	36.14
ATG-1	3593	AX-1_4	3149	1102	79.07	12.73	35.00
ATG-1	3593	AX-5	3977	1181	80.55	12.25	32.87
ATG-1	3593	MAR-hqMAG	2909	956	78.86	12.68	32.86
ATG-1	3593	Desulfovibrio_vulgaris	3140	294	51.97	9.07	9.36
ATG-1	3593	Desulfobulbus_alkaliphilus	3683	632	63.13	12.05	17.59
ATG-1	3593	AUS-4	3094	824	77.68	13.76	26.63
ATG-1	3593	Desulfococcus_multivorans	3860	385	53.93	9.97	10.72
ATG-1	3593	LOE-1_4_5	3042	1029	78.64	12.99	33.83
ATG-1	3593	EH-2	3401	833	79.45	13.38	24.49
ATG-1	3593	MAN-1_4	3364	985	78.82	13.49	29.28
ATG-1	3593	AW-2	3183	1067	78.93	12.91	33.52
MAN-1_4	3364	AW-2	3183	1313	79.86	12.38	41.25
Desulfococcus_multivorans	3860	LOE-1_4_5	3042	556	52.68	9.35	18.28
Desulfococcus_multivorans	3860	EH-2	3401	329	54.35	10.06	9.67
Desulfococcus_multivorans	3860	MAN-1_4	3364	493	53.69	9.79	14.66
Desulfococcus_multivorans	3860	AW-2	3183	613	52.81	9.32	19.26
AUS-4	3094	Desulfococcus_multivorans	3860	315	53.38	9.66	10.18
AUS-4	3094	LOE-1_4_5	3042	828	77.07	12.95	27.22
AUS-4	3094	EH-2	3401	769	78.03	14.35	24.85
AUS-4	3094	MAN-1_4	3364	865	78.10	13.79	27.96
AUS-4	3094	AW-2	3183	852	77.23	13.09	27.54
EH-2	3401	MAN-1_4	3364	971	78.83	13.58	28.86
EH-2	3401	AW-2	3183	1023	79.34	13.18	32.14
LOE-1_4_5	3042	EH-2	3401	983	79.17	13.27	32.31
LOE-1_4_5	3042	MAN-1_4	3364	1267	79.33	12.34	41.65
LOE-1_4_5	3042	AW-2	3183	1985	97.67	5.55	65.25
Desulfovibrio_vulgaris	3140	Desulfobulbus_alkaliphilus	3683	686	52.05	8.69	21.85
Desulfovibrio_vulgaris	3140	AUS-4	3094	228	52.11	9.07	7.37
Desulfovibrio_vulgaris	3140	Desulfococcus_multivorans	3860	774	52.58	9.32	24.65
Desulfovibrio_vulgaris	3140	LOE-1_4_5	3042	412	52.05	8.64	13.54
Desulfovibrio_vulgaris	3140	EH-2	3401	258	52.45	8.91	8.22
Desulfovibrio_vulgaris	3140	MAN-1_4	3364	382	52.12	9.02	12.17
Desulfovibrio_vulgaris	3140	AW-2	3183	462	51.63	8.55	14.71
GM-3_4	4087	KV	2513	1227	68.57	11.90	48.83
GM-3_4	4087	AU-1_5	3180	1567	78.83	11.85	49.28
GM-3_4	4087	US4	3035	1536	85.25	11.12	50.61
GM-3_4	4087	AW-5	3103	1542	78.60	12.17	49.69
GM-3_4	4087	MCF	3736	1889	87.43	9.86	50.56
GM-3_4	4087	ATG-1	3593	1168	79.44	12.51	32.51
GM-3_4	4087	Desulfobulbus_elongatus	3440	893	63.31	11.81	25.96
GM-3_4	4087	MAR-mqMAG	3593	1880	87.32	10.04	52.32
GM-3_4	4087	MAR-scMAG	3501	1712	85.53	10.85	48.90
GM-3_4	4087	TB	2264	1163	78.60	12.00	51.37
GM-3_4	4087	AR-3	3405	1028	71.44	13.90	30.19
GM-3_4	4087	US1	1533	709	85.87	11.47	46.25
GM-3_4	4087	AX-1_4	3149	1573	78.50	12.25	49.95
GM-3_4	4087	AX-5	3977	1770	86.50	10.80	44.51
GM-3_4	4087	MAR-hqMAG	2909	1392	78.81	11.91	47.85
GM-3_4	4087	Desulfovibrio_vulgaris	3140	440	51.57	8.53	14.01
GM-3_4	4087	Desulfobulbus_alkaliphilus	3683	956	62.11	12.11	25.96
GM-3_4	4087	AUS-4	3094	901	78.40	12.56	29.12
GM-3_4	4087	Desulfococcus_multivorans	3860	588	52.95	9.30	15.23
GM-3_4	4087	LOE-1_4_5	3042	1404	78.63	12.32	46.15
GM-3_4	4087	EH-2	3401	978	78.15	13.03	28.76
GM-3_4	4087	MAN-1_4	3364	1255	79.21	11.98	37.31
GM-3_4	4087	AW-2	3183	1477	78.44	12.49	46.40
Desulfomonile_tiedjei	5626	Desulfobulbus_propionicus	3332	757	51.63	8.26	22.72
Desulfomonile_tiedjei	5626	F5	1734	395	51.70	8.10	22.78
Desulfomonile_tiedjei	5626	AW-1	3152	546	51.06	8.06	17.32
Desulfomonile_tiedjei	5626	ENR-cMAG	2936	595	51.57	8.42	20.27
Desulfomonile_tiedjei	5626	GS	2626	580	51.52	8.35	22.09
Desulfomonile_tiedjei	5626	BRK-cMAG	2843	567	51.80	8.44	19.94
Desulfomonile_tiedjei	5626	AUS-1_2	3516	288	51.80	8.97	8.19
Desulfomonile_tiedjei	5626	Desulfobulbus_oligotrophicus	2794	676	50.98	8.04	24.19
Desulfomonile_tiedjei	5626	AW-3_4	3192	541	51.34	8.13	16.95
Desulfomonile_tiedjei	5626	A5	2111	348	51.24	8.41	16.49
Desulfomonile_tiedjei	5626	AS-4_5	3016	483	51.27	8.38	16.01
Desulfomonile_tiedjei	5626	AR-5	3860	362	51.31	8.59	9.38
Desulfomonile_tiedjei	5626	GM-3_4	4087	486	51.02	8.11	11.89
Desulfomonile_tiedjei	5626	KV	2513	544	51.77	8.53	21.65
Desulfomonile_tiedjei	5626	AU-1_5	3180	570	51.18	8.23	17.92
Desulfomonile_tiedjei	5626	US4	3035	493	51.27	8.61	16.24
Desulfomonile_tiedjei	5626	AW-5	3103	523	51.20	8.20	16.85
Desulfomonile_tiedjei	5626	MCF	3736	564	51.29	8.49	15.10
Desulfomonile_tiedjei	5626	ATG-1	3593	326	52.26	9.18	9.07
Desulfomonile_tiedjei	5626	Desulfobulbus_elongatus	3440	760	51.23	8.26	22.09
Desulfomonile_tiedjei	5626	MAR-mqMAG	3593	585	51.04	8.32	16.28
Desulfomonile_tiedjei	5626	MAR-scMAG	3501	539	50.60	8.24	15.40
Desulfomonile_tiedjei	5626	TB	2264	393	51.31	7.98	17.36
Desulfomonile_tiedjei	5626	AR-3	3405	328	51.46	8.65	9.63
Desulfomonile_tiedjei	5626	US1	1533	224	51.73	8.31	14.61
Desulfomonile_tiedjei	5626	AX-1_4	3149	560	51.09	8.13	17.78
Desulfomonile_tiedjei	5626	AX-5	3977	449	51.62	8.68	11.29
Desulfomonile_tiedjei	5626	MAR-hqMAG	2909	527	51.49	8.28	18.12
Desulfomonile_tiedjei	5626	Desulfovibrio_vulgaris	3140	686	51.00	8.25	21.85
Desulfomonile_tiedjei	5626	Desulfobulbus_alkaliphilus	3683	715	51.21	8.18	19.41
Desulfomonile_tiedjei	5626	AUS-4	3094	238	52.05	8.87	7.69
Desulfomonile_tiedjei	5626	Desulfococcus_multivorans	3860	942	52.88	9.32	24.40
Desulfomonile_tiedjei	5626	LOE-1_4_5	3042	455	51.28	8.18	14.96
Desulfomonile_tiedjei	5626	EH-2	3401	286	52.30	8.72	8.41
Desulfomonile_tiedjei	5626	MAN-1_4	3364	411	51.46	8.47	12.22
Desulfomonile_tiedjei	5626	AW-2	3183	495	51.57	8.25	15.55
Desulfobulbus_alkaliphilus	3683	AUS-4	3094	513	61.87	12.98	16.58
Desulfobulbus_alkaliphilus	3683	Desulfococcus_multivorans	3860	977	54.13	10.11	26.53
Desulfobulbus_alkaliphilus	3683	LOE-1_4_5	3042	908	62.45	11.96	29.85
Desulfobulbus_alkaliphilus	3683	EH-2	3401	559	63.22	12.99	16.44
Desulfobulbus_alkaliphilus	3683	MAN-1_4	3364	789	62.70	12.40	23.45
Desulfobulbus_alkaliphilus	3683	AW-2	3183	1009	62.37	12.06	31.70
MAR-scMAG	3501	TB	2264	1303	79.48	11.46	57.55
MAR-scMAG	3501	AR-3	3405	1030	72.18	13.26	30.25
MAR-scMAG	3501	US1	1533	654	87.88	10.48	42.66
MAR-scMAG	3501	AX-1_4	3149	1805	79.22	11.58	57.32
MAR-scMAG	3501	AX-5	3977	1700	87.44	11.02	48.56
MAR-scMAG	3501	MAR-hqMAG	2909	1653	79.40	11.55	56.82
MAR-scMAG	3501	Desulfovibrio_vulgaris	3140	497	51.43	8.34	15.83
MAR-scMAG	3501	Desulfobulbus_alkaliphilus	3683	1154	61.93	11.89	32.96
MAR-scMAG	3501	AUS-4	3094	898	79.28	12.38	29.02
MAR-scMAG	3501	Desulfococcus_multivorans	3860	692	52.65	9.04	19.77
MAR-scMAG	3501	LOE-1_4_5	3042	1513	79.00	11.77	49.74
MAR-scMAG	3501	EH-2	3401	965	79.52	12.61	28.37
MAR-scMAG	3501	MAN-1_4	3364	1350	79.51	12.20	40.13
MAR-scMAG	3501	AW-2	3183	1623	79.05	11.97	50.99
AU-1_5	3180	US4	3035	1606	79.33	11.70	52.92
AU-1_5	3180	AW-5	3103	2317	97.56	5.39	74.67
AU-1_5	3180	MCF	3736	1870	79.43	11.74	58.81
AU-1_5	3180	ATG-1	3593	1062	79.33	12.32	33.40
AU-1_5	3180	Desulfobulbus_elongatus	3440	1099	63.23	11.75	34.56
AU-1_5	3180	MAR-mqMAG	3593	1884	79.43	11.79	59.25
AU-1_5	3180	MAR-scMAG	3501	1865	79.29	11.52	58.65
AU-1_5	3180	TB	2264	1506	89.73	9.32	66.52
AU-1_5	3180	AR-3	3405	961	71.37	13.66	30.22
AU-1_5	3180	US1	1533	644	81.06	11.59	42.01
AU-1_5	3180	AX-1_4	3149	2382	97.50	5.91	75.64
AU-1_5	3180	AX-5	3977	1532	79.42	12.06	48.18
AU-1_5	3180	MAR-hqMAG	2909	2103	97.90	5.25	72.29
AU-1_5	3180	Desulfovibrio_vulgaris	3140	524	51.87	8.54	16.69
AU-1_5	3180	Desulfobulbus_alkaliphilus	3683	1164	62.04	12.05	36.60
AU-1_5	3180	AUS-4	3094	850	77.15	12.85	27.47
AU-1_5	3180	Desulfococcus_multivorans	3860	700	52.71	9.15	22.01
AU-1_5	3180	LOE-1_4_5	3042	1962	97.64	5.48	64.50
AU-1_5	3180	EH-2	3401	1011	79.70	13.31	31.79
AU-1_5	3180	MAN-1_4	3364	1362	79.84	12.06	42.83
AU-1_5	3180	AW-2	3183	2126	97.51	5.82	66.86
AW-5	3103	MCF	3736	1774	79.32	11.88	57.17
AW-5	3103	ATG-1	3593	1086	79.02	12.72	35.00
AW-5	3103	Desulfobulbus_elongatus	3440	1036	63.24	11.79	33.39
AW-5	3103	MAR-mqMAG	3593	1763	79.33	11.85	56.82
AW-5	3103	MAR-scMAG	3501	1716	79.31	11.50	55.30
AW-5	3103	TB	2264	1435	89.78	9.21	63.38
AW-5	3103	AR-3	3405	969	71.33	13.56	31.23
AW-5	3103	US1	1533	643	80.68	12.00	41.94
AW-5	3103	AX-1_4	3149	2365	97.67	5.75	76.22
AW-5	3103	AX-5	3977	1504	79.34	12.12	48.47
AW-5	3103	MAR-hqMAG	2909	1982	97.83	5.87	68.13
AW-5	3103	Desulfovibrio_vulgaris	3140	492	51.78	8.56	15.86
AW-5	3103	Desulfobulbus_alkaliphilus	3683	1073	62.33	11.93	34.58
AW-5	3103	AUS-4	3094	832	77.16	12.78	26.89
AW-5	3103	Desulfococcus_multivorans	3860	657	52.60	9.20	21.17
AW-5	3103	LOE-1_4_5	3042	2009	97.76	5.54	66.04
AW-5	3103	EH-2	3401	1017	79.55	13.36	32.77
AW-5	3103	MAN-1_4	3364	1337	80.03	11.98	43.09
AW-5	3103	AW-2	3183	2184	97.72	5.34	70.38
SY2	3815	AR-4	3858	1368	74.25	13.01	35.86
SY2	3815	AUS-3	2723	1313	80.28	11.64	48.22
SY2	3815	SY1	2585	1584	68.09	12.08	61.28
SY2	3815	Desulfomonile_tiedjei	5626	614	51.16	8.38	16.09
SY2	3815	Desulfobulbus_propionicus	3332	1175	63.46	12.07	35.26
SY2	3815	F5	1734	1027	69.47	11.87	59.23
SY2	3815	AW-1	3152	1826	80.25	11.52	57.93
SY2	3815	ENR-cMAG	2936	1577	68.95	12.02	53.71
SY2	3815	GS	2626	1540	68.86	12.07	58.64
SY2	3815	BRK-cMAG	2843	1618	68.65	12.22	56.91
SY2	3815	AUS-1_2	3516	1019	78.95	12.67	28.98
SY2	3815	Desulfobulbus_oligotrophicus	2794	1103	62.10	11.74	39.48
SY2	3815	AW-3_4	3192	1871	80.23	11.63	58.62
SY2	3815	A5	2111	1125	80.78	11.94	53.29
SY2	3815	AS-4_5	3016	1635	80.02	11.77	54.21
SY2	3815	AR-5	3860	1406	79.93	11.77	36.85
SY2	3815	GM-3_4	4087	1641	79.21	11.64	43.01
SY2	3815	KV	2513	1531	68.89	12.10	60.92
SY2	3815	AU-1_5	3180	1947	80.29	11.46	61.23
SY2	3815	US4	3035	1700	80.44	11.25	56.01
SY2	3815	AW-5	3103	1794	80.34	11.53	57.82
SY2	3815	MCF	3736	1957	79.97	11.51	52.38
SY2	3815	ATG-1	3593	1186	79.71	12.26	33.01
SY2	3815	Desulfobulbus_elongatus	3440	1154	63.00	11.86	33.55
SY2	3815	MAR-mqMAG	3593	2006	80.06	11.53	55.83
SY2	3815	MAR-scMAG	3501	2017	80.22	11.38	57.61
SY2	3815	TB	2264	1343	80.22	11.52	59.32
SY2	3815	AR-3	3405	1042	71.06	13.33	30.60
SY2	3815	US1	1533	665	81.24	11.88	43.38
SY2	3815	AX-1_4	3149	1867	80.33	11.41	59.29
SY2	3815	AX-5	3977	1615	80.10	11.75	42.33
SY2	3815	MAR-hqMAG	2909	1694	80.51	11.30	58.23
SY2	3815	Desulfovibrio_vulgaris	3140	553	51.84	8.56	17.61
SY2	3815	Desulfobulbus_alkaliphilus	3683	1254	62.01	12.07	34.05
SY2	3815	AUS-4	3094	957	78.18	13.09	30.93
SY2	3815	Desulfococcus_multivorans	3860	771	52.90	9.29	20.21
SY2	3815	LOE-1_4_5	3042	1549	80.07	11.73	50.92
SY2	3815	EH-2	3401	1089	79.40	13.18	32.02
SY2	3815	MAN-1_4	3364	1519	83.81	12.32	45.15
SY2	3815	AW-2	3183	1683	80.28	11.70	52.87
Desulfobulbus_elongatus	3440	MAR-mqMAG	3593	1087	63.56	11.73	31.60
Desulfobulbus_elongatus	3440	MAR-scMAG	3501	1079	63.20	11.82	31.37
Desulfobulbus_elongatus	3440	TB	2264	778	62.88	11.99	34.36
Desulfobulbus_elongatus	3440	AR-3	3405	597	63.38	11.85	17.53
Desulfobulbus_elongatus	3440	US1	1533	454	64.22	12.04	29.62
Desulfobulbus_elongatus	3440	AX-1_4	3149	1076	63.21	11.82	34.17
Desulfobulbus_elongatus	3440	AX-5	3977	857	63.46	12.00	24.91
Desulfobulbus_elongatus	3440	MAR-hqMAG	2909	976	63.27	11.95	33.55
Desulfobulbus_elongatus	3440	Desulfovibrio_vulgaris	3140	752	51.73	8.73	23.95
Desulfobulbus_elongatus	3440	Desulfobulbus_alkaliphilus	3683	1873	71.77	12.26	54.45
Desulfobulbus_elongatus	3440	AUS-4	3094	460	63.63	12.49	14.87
Desulfobulbus_elongatus	3440	Desulfococcus_multivorans	3860	946	54.10	9.93	27.50
Desulfobulbus_elongatus	3440	LOE-1_4_5	3042	880	63.05	11.97	28.93
Desulfobulbus_elongatus	3440	EH-2	3401	507	64.76	12.31	14.91
Desulfobulbus_elongatus	3440	MAN-1_4	3364	754	63.48	12.21	22.41
Desulfobulbus_elongatus	3440	AW-2	3183	973	63.20	12.00	30.57
AX-1_4	3149	AX-5	3977	1540	79.58	11.82	48.90
AX-1_4	3149	MAR-hqMAG	2909	2033	98.01	5.64	69.89
AX-1_4	3149	Desulfovibrio_vulgaris	3140	513	51.75	8.60	16.34
AX-1_4	3149	Desulfobulbus_alkaliphilus	3683	1130	62.34	11.93	35.88
AX-1_4	3149	AUS-4	3094	830	77.58	12.50	26.83
AX-1_4	3149	Desulfococcus_multivorans	3860	689	52.67	9.18	21.88
AX-1_4	3149	LOE-1_4_5	3042	2030	97.86	5.42	66.73
AX-1_4	3149	EH-2	3401	1044	80.13	13.05	33.15
AX-1_4	3149	MAN-1_4	3364	1369	79.86	12.28	43.47
AX-1_4	3149	AW-2	3183	2217	97.62	5.90	70.40
AX-5	3977	MAR-hqMAG	2909	1338	79.64	11.78	46.00
AX-5	3977	Desulfovibrio_vulgaris	3140	411	52.06	8.82	13.09
AX-5	3977	Desulfobulbus_alkaliphilus	3683	903	62.50	12.19	24.52
AX-5	3977	AUS-4	3094	994	78.60	13.27	32.13
AX-5	3977	Desulfococcus_multivorans	3860	569	53.49	9.61	14.74
AX-5	3977	LOE-1_4_5	3042	1391	79.18	12.33	45.73
AX-5	3977	EH-2	3401	1029	79.34	12.67	30.26
AX-5	3977	MAN-1_4	3364	1304	79.35	12.58	38.76
AX-5	3977	AW-2	3183	1461	79.28	12.35	45.90
US4	3035	AW-5	3103	1515	79.22	11.90	49.92
US4	3035	MCF	3736	1799	87.15	10.54	59.28
US4	3035	ATG-1	3593	1051	81.36	11.62	34.63
US4	3035	Desulfobulbus_elongatus	3440	989	62.96	11.89	32.59
US4	3035	MAR-mqMAG	3593	1784	87.09	10.71	58.78
US4	3035	MAR-scMAG	3501	1791	87.18	10.25	59.01
US4	3035	TB	2264	1155	79.63	11.71	51.02
US4	3035	AR-3	3405	905	71.73	13.60	29.82
US4	3035	US1	1533	805	99.21	5.64	52.51
US4	3035	AX-1_4	3149	1565	79.37	11.65	51.57
US4	3035	AX-5	3977	1468	86.70	11.08	48.37
US4	3035	MAR-hqMAG	2909	1411	79.48	11.75	48.50
US4	3035	Desulfovibrio_vulgaris	3140	451	51.80	8.54	14.86
US4	3035	Desulfobulbus_alkaliphilus	3683	1013	62.34	12.03	33.38
US4	3035	AUS-4	3094	818	79.57	11.62	26.95
US4	3035	Desulfococcus_multivorans	3860	622	53.11	9.54	20.49
US4	3035	LOE-1_4_5	3042	1298	79.23	11.84	42.77
US4	3035	EH-2	3401	862	79.47	12.77	28.40
US4	3035	MAN-1_4	3364	1142	80.28	11.82	37.63
US4	3035	AW-2	3183	1432	79.01	12.23	47.18
MAR-hqMAG	2909	Desulfovibrio_vulgaris	3140	484	52.17	8.84	16.64
MAR-hqMAG	2909	Desulfobulbus_alkaliphilus	3683	1055	62.24	12.22	36.27
MAR-hqMAG	2909	AUS-4	3094	773	77.57	13.02	26.57
MAR-hqMAG	2909	Desulfococcus_multivorans	3860	635	52.88	9.35	21.83
MAR-hqMAG	2909	LOE-1_4_5	3042	1743	97.96	5.54	59.92
MAR-hqMAG	2909	EH-2	3401	898	80.23	12.79	30.87
MAR-hqMAG	2909	MAN-1_4	3364	1211	80.07	12.20	41.63
MAR-hqMAG	2909	AW-2	3183	1878	97.78	6.33	64.56
MAR-mqMAG	3593	MAR-scMAG	3501	2130	87.83	10.56	60.84
MAR-mqMAG	3593	TB	2264	1338	79.68	11.91	59.10
MAR-mqMAG	3593	AR-3	3405	1063	72.16	13.87	31.22
MAR-mqMAG	3593	US1	1533	696	88.39	10.84	45.40
MAR-mqMAG	3593	AX-1_4	3149	1884	79.48	11.91	59.83
MAR-mqMAG	3593	AX-5	3977	2117	96.63	7.50	58.92
MAR-mqMAG	3593	MAR-hqMAG	2909	1696	79.56	11.92	58.30
MAR-mqMAG	3593	Desulfovibrio_vulgaris	3140	537	51.85	8.41	17.10
MAR-mqMAG	3593	Desulfobulbus_alkaliphilus	3683	1192	62.44	12.09	33.18
MAR-mqMAG	3593	AUS-4	3094	916	79.69	12.27	29.61
MAR-mqMAG	3593	Desulfococcus_multivorans	3860	751	53.41	9.33	20.90
MAR-mqMAG	3593	LOE-1_4_5	3042	1555	79.30	12.07	51.12
MAR-mqMAG	3593	EH-2	3401	1025	79.72	12.60	30.14
MAR-mqMAG	3593	MAN-1_4	3364	1373	79.84	12.11	40.81
MAR-mqMAG	3593	AW-2	3183	1681	79.23	12.17	52.81
MCF	3736	ATG-1	3593	1212	81.15	11.63	33.73
MCF	3736	Desulfobulbus_elongatus	3440	1064	63.28	11.93	30.93
MCF	3736	MAR-mqMAG	3593	2551	98.22	5.55	71.00
MCF	3736	MAR-scMAG	3501	2016	87.71	10.54	57.58
MCF	3736	TB	2264	1311	79.57	11.72	57.91
MCF	3736	AR-3	3405	1052	71.94	13.85	30.90
MCF	3736	US1	1533	714	88.43	10.26	46.58
MCF	3736	AX-1_4	3149	1832	79.33	11.85	58.18
MCF	3736	AX-5	3977	2126	96.66	7.29	56.91
MCF	3736	MAR-hqMAG	2909	1647	79.53	11.66	56.62
MCF	3736	Desulfovibrio_vulgaris	3140	507	52.11	8.76	16.15
MCF	3736	Desulfobulbus_alkaliphilus	3683	1132	62.35	12.23	30.74
MCF	3736	AUS-4	3094	943	79.59	12.16	30.48
MCF	3736	Desulfococcus_multivorans	3860	701	53.45	9.42	18.76
MCF	3736	LOE-1_4_5	3042	1550	79.31	11.85	50.95
MCF	3736	EH-2	3401	1027	79.69	12.43	30.20
MCF	3736	MAN-1_4	3364	1362	79.55	12.24	40.49
MCF	3736	AW-2	3183	1661	79.26	12.01	52.18
